article_id,prod_name,product_type_name,product_group_name,colour_group_name,graphical_appearance_name,index_name,garment_group_name,detail_desc
589017001,Stefania straples superpush,Bra,Underwear,Light Beige,Solid,Lingeries/Tights,"Under-, Nightwear","Super push-up bra in microfibre with underwired, moulded, thickly padded cups to maximise the bust and create a fuller cleavage. Detachable, adjustable shoulder straps and silicon trim at the back to hold the bra in place. Wide fastening at the back with hooks and eyes."
749045004,Skinny Basic,Trousers,Garment Lower body,Blue,Denim,Children Sizes 134-170,Trousers Denim,"5-pocket, slim-fit jeans in washed, stretch denim with an adjustable, elasticated waist, zip fly and button, and narrow hems."
865799003,Pink woven,Trousers,Garment Lower body,Light Blue,Denim,Ladieswear,Trousers,"5-pocket, ankle-length trousers in washed cotton twill with a high waist and wide, tapered legs with decorative seams at the hems."
863646003,Matey,Sweater,Garment Upper body,Beige,Melange,Ladieswear,Knitwear,"Wide, V-neck jumper in a knit containing some wool with dropped shoulders, long sleeves and ribbing at the cuffs and hem. The polyester content of the jumper is recycled."
712853001,Bennett lace top,Top,Garment Upper body,Black,Lace,Ladieswear,Jersey Fancy,"Straight-cut top in jersey crêpe with an opening and button at the back of the neck, lace yoke and short sleeves."
644370001,Crawford,Boots,Shoes,Black,Solid,Ladies Accessories,Shoes,"Knee-high boots in imitation suede with a soft, stretchy shaft, round toes and covered block heels. Satin linings, imitation leather insoles and thermoplastic rubber (TPR) soles. Heel 6 cm."
743594002,Sorrento,Dress,Garment Full body,Beige,Solid,Ladieswear,Dresses Ladies,"Straight-cut, knee-length dress in a linen and viscose weave with a V-neck, dropped shoulders and short sleeves with sewn-in turn-ups. Flap chest pockets and a rounded hem. Slightly longer at the back."
753737001,Twenty HW tapered,Trousers,Garment Lower body,Black,Solid,Ladieswear,Trousers,"Trousers in woven fabric. High waist with pleats and a detachable tie belt, a concealed hook-and-eye fastener and a zip fly. Side pockets and tapered legs with creases."
795675005,Gabbi tank/nina/nelia,Vest top,Garment Upper body,White,Solid,Divided,Jersey Basic,Fitted vest top in stretch cotton jersey.
631837003,Eclipse price hood,Sweater,Garment Upper body,Light Pink,Solid,Divided,Jersey Fancy,"Wide top in lightweight sweatshirt fabric with a lined drawstring hood and kangaroo pocket. Low dropped shoulders, long sleeves, and ribbing at the cuffs and hem."
723151003,BOUNTY,Vest top,Garment Upper body,Black,All over pattern,Divided,Blouses,"Sleeveless top in a gently draping viscose weave with short, adjustable shoulder straps and a V-neck."
555102001,Sade top with inner bra (1),Vest top,Garment Upper body,Black,Melange,Sport,Jersey Fancy,"Loose-fitting sports top in fast-drying functional fabric with an integral sports bra and a racer back. Sports bra with a double layer of fabric at the front, elasticated hem and opening at the back with crossover straps."
866755001,Blije bodycon w,Dress,Garment Full body,Beige,Solid,Divided,Dresses Ladies,"Short, fitted dress in sturdy cotton twill with a collar, metal buttons down the front, a yoke and short sleeves. Flap chest pockets with a button, and a seam at the waist. Unlined."
637538001,Myah,Leggings/Tights,Garment Lower body,Black,Solid,Children Sizes 134-170,Jersey Basic,Leggings in soft organic cotton jersey with an elasticated waist and legs with stripes down the sides and a short slit at the hems.
652956002,Quickdry 5p shaftless,Socks,Socks & Tights,Black,Solid,Lingeries/Tights,Socks and Tights,Fine-knit trainer socks in fast-drying functional fabric.
676933005,Ocean,Dress,Garment Full body,Greenish Khaki,Solid,Ladieswear,Dresses Ladies,"Calf-length dress in woven fabric with a collar, buttons down the front and long sleeves with buttoned cuffs. Detachable belt at the waist. Unlined."
507910001,Isabella,Shirt,Garment Upper body,White,Solid,Ladieswear,Blouses,"Fitted shirt in a stretch weave made from a cotton blend with a collar and concealed buttons down the front. Chest pocket, long sleeves with buttoned cuffs, and a gently rounded hem."
566147001,Class V necklacepack,Necklace,Accessories,Gold,Solid,Ladies Accessories,Accessories,"Three thin metal chain necklaces in different designs, two with a pendant. Adjustable length from 38-44 cm to 86-92 cm."
658030001,Push Up Jegging L.W,Trousers,Garment Lower body,Black,Denim,Divided,Trousers Denim,"5-pocket jeggings in washed, stretch denim with a low waist, zip fly and button, and skinny legs. Push up – denim with a superstretch function that showcases the body’s physique."
694376003,Rebel Dress,Dress,Garment Full body,Light Beige,All over pattern,Children Sizes 92-140,Dresses/Skirts girls,"Dress in a patterned viscose weave with an opening and button at the back of the neck. Short sleeves with sewn-in turn-ups, an elasticated seam and decorative bow at the waist, and side pockets. Unlined."
679854005,Maja Cardigan TVP,Cardigan,Garment Upper body,Greenish Khaki,Solid,Divided,Knitwear,"Long-sleeved cardigan in a soft, loose knit with no buttons. The polyester content of the cardigan is recycled."
748566023,SARGASSO HW ankle tights,Leggings/Tights,Garment Lower body,Greenish Khaki,All over pattern,Sport,Jersey Fancy,"High-waisted, ankle-length sports tights in fast-drying functional fabric. Wide panel to hold in and shape the waist containing a concealed key pocket. Sculpting seams at the back that showcase the body’s physique."
811907003,Sporty spice top,Bikini top,Swimwear,Blue,Stripe,Lingeries/Tights,Swimwear,"Fully lined bikini top with removable inserts that shape the bust and provide good support. Narrow, adjustable shoulder straps and covered elastication at the hem. No fasteners."
695632013,Gyda-,Blouse,Garment Upper body,White,All over pattern,Ladieswear,Blouses,"Blouse in a soft weave with a narrow collar, concealed buttons down the front, long sleeves with buttoned cuffs and a rounded hem."
572797035,ESSENTIAL TANKTOP LACE,Vest top,Garment Upper body,Greenish Khaki,Solid,Ladieswear,Jersey Fancy,Fitted vest top in soft cotton jersey with lace trims around the neckline and armholes.
675875002,Iver l/s tee,T-shirt,Garment Upper body,Greenish Khaki,Placement print,Children Sizes 134-170,Jersey Fancy,Long-sleeved top in printed cotton jersey with wide ribbing at the cuffs.
727029001,S Timeless High Wide Side Brie,Swimwear bottom,Swimwear,Black,All over pattern,Lingeries/Tights,Swimwear,"Fully lined, patterned bikini bottoms with a high waist and medium coverage at the back."
212629048,Alcazar strap dress,Dress,Garment Full body,Dark Pink,Solid,Divided,Jersey Basic,"Long, sleeveless dress in jersey with narrow shoulder straps and an elasticated seam at the waist. Unlined."
501820006,SIRPA,Sweater,Garment Upper body,Light Beige,Melange,Divided,Knitwear,"Jumper in a soft knit with a slightly wider neckline and long sleeves. Ribbing around the neckline, cuffs and hem."
889849002,Suzanne Midi Skirt,Skirt,Garment Lower body,Light Orange,All over pattern,Divided,Skirts,Knee-length skirt in a patterned stretch weave with a slight sheen. High waist and a sewn-in wrapover with ties at one side and a concealed zip at the other. Unlined.
826508006,Eleven top,Top,Garment Upper body,Light Pink,Solid,Ladieswear,Jersey Fancy,"Top in soft, lightly crêped jersey with a V-neck opening at the top and a vertical seam down the front."
622284002,Dive in swimsuit,Swimsuit,Swimwear,Black,Solid,Lingeries/Tights,Swimwear,Fully lined swimsuit made partly from recycled polyester. Removable inserts and a frill trim that continues down the back.
849361002,Raven blazer,Blazer,Garment Upper body,Light Pink,Check,Ladieswear,Dressed,"Gently fitted, single-breasted jacket in woven fabric with peak lapels and a single button at the front. Welt front pockets, decorative buttons at the cuffs, and a single back vent. Lined."
790368004,Pantha PU leggings,Trousers,Garment Lower body,Dark Green,Solid,Ladieswear,Trousers,Leggings in stretch fabric. High waist with concealed elastication and legs with sewn-in creases at the front and raw-edge hems.
522398055,Vincent,Top,Garment Upper body,Other,All over pattern,Ladieswear,Jersey Fancy,"V-neck top in airy jersey made from recycled polyester. Buttons at the top, 3/4-length sleeves and a rounded hem with slits in the sides. Slightly longer at the back."
687704039,Embrace S.Skinny Ankle H.W,Trousers,Garment Lower body,Black,Denim,Divided,Trousers Denim,"5-pocket, ankle-length jeans in washed, stretch denim with a high waist, zip fly and button and super-skinny legs. Embrace – denim with a smart stretch function that moulds to the body for a comfortable, flattering silhouette."
733419003,Pearl Jam,Dress,Garment Full body,Black,All over pattern,Ladieswear,Dresses Ladies,"Knee-length dress in a crêpe weave with a V-neck, buttons down the front and short sleeves with a drawstring. Seam at the waist and a gently flared skirt. Unlined."
687704001,Embrace S.Skinny Ankle H.W,Trousers,Garment Lower body,Black,Denim,Divided,Trousers Denim,"5-pocket, ankle-length jeans in washed, stretch denim with a high waist, zip fly and button and super-skinny legs. Embrace – denim with a smart stretch function that moulds to the body for a comfortable, flattering silhouette."
632290001,Lazer Razer Bandeau,Bikini top,Swimwear,Other Red,All over pattern,Lingeries/Tights,Swimwear,"Fully lined bikini top with removable inserts, laser-cut edges and narrow, detachable shoulder straps. Metal fastener at the back."
779863001,FF Sunflower knit,Sweater,Garment Upper body,Off White,Solid,Ladieswear,Special Offers,"Slightly longer jumper in a soft rib knit containing some wool with a high collar, zip at the top, low dropped shoulders, long sleeves and ribbing at the cuffs and hem. The polyester content of the top is recycled."
640174002,Lola Lace-Up,Sweater,Garment Upper body,Dark Red,Solid,Divided,Knitwear,"Jumper in a soft rib knit with a deep V-neck with lacing at the front. Low dropped shoulders, long sleeves and ribbing at the cuffs and hem."
644288001,Maria embroidery trousers,Trousers,Garment Lower body,Black,Embroidery,Ladieswear,Special Offers,"5-pocket low-rise jeans in washed denim with embroidery front and back, a low crotch and zip fly. The jeans are in a relaxed fit at the top with tapered legs and raw-edge hems."
673677002,Henry polo. (1),Sweater,Garment Upper body,Black,Solid,Ladieswear,Knitwear,"Jumper in a soft, fine knit with a ribbed polo neck and ribbing at the cuffs and hem."
673396002,Ringo hipbelt,Belt,Accessories,Black,Solid,Ladies Accessories,Accessories,Belt in grained imitation leather with a metal buckle. Width approx. 2.2 cm.
153115040,OP Strapless^,Bra,Underwear,Yellowish Brown,Solid,Lingeries/Tights,"Under-, Nightwear","Strapless bra in microfibre with underwired, padded cups that lift and shape the bust. Silicone trim at the top and a hook-and-eye fastening at the back. Detachable, adjustable shoulder straps and side support."
579541004,Calista (1),Cardigan,Garment Upper body,Dark Blue,Solid,Ladieswear,Knitwear,"Cardigan in a soft, fine-knit viscose blend with buttons down the front and ribbing around the neckline, cuffs and hem."
867023003,Valentin skirt,Skirt,Garment Lower body,Pink,All over pattern,Ladieswear,Skirts,"Calf-length skirt in an airy, patterned weave with a high, gathered waist and concealed zip in one side. Gathered seam at the hips for added width. Unlined."
728156001,Robin blazer,Blazer,Garment Upper body,White,Solid,Ladieswear,Dressed,"Straight-cut jacket in woven fabric with a shawl collar, thin shoulder pads, welt front pockets and 3/4-length sleeves with a short slit at the cuffs. No fasteners. Lined."
688558018,Brittany LS,Top,Garment Upper body,Dark Yellow,Stripe,Divided,Jersey Basic,"Fitted, long-sleeved top in soft ribbed jersey."
573390001,Greta Bikini (Camelia) 3p,Underwear bottom,Underwear,Black,Solid,Lingeries/Tights,"Under-, Nightwear","Bikini briefs in cotton and lace with a low waist, lined gusset, wide sides and medium coverage at the back."
580469008,OL WASHINGTON PQ pump,Pumps,Shoes,Yellowish Brown,Solid,Ladies Accessories,Shoes,Court shoes with pointed toes. Leather linings and insoles and rubber soles. Covered heels 8 cm.
399201042,Shaping Skinny H.W,Trousers,Garment Lower body,Dark Grey,Denim,Divided,Trousers Denim,"5-pocket jeans in washed, stretch denim with a high waist, zip fly and button and skinny legs. Shaping – denim with a stretch function that holds in and shapes the waist, thighs and bum while keeping the jeans in shape."
739590032,Timeless Cheeky Brief,Swimwear bottom,Swimwear,Light Blue,Other structure,Lingeries/Tights,Swimwear,Fully lined bikini bottoms with a low waist and cutaway coverage at the back.
761288001,MAD MAX CONCIOUS,Vest top,Garment Upper body,White,Solid,Divided,Jersey Fancy,"V-neck jersey top with narrow, adjustable shoulder straps and hole-patterned trims around the neckline and down the front and back. The polyester content of the top is partly recycled."
691539002,Trust,Coat,Garment Upper body,Black,Other structure,Ladieswear,Outdoor,"Pea coat in woven fabric containing some wool with a collar, decorative shoulder tabs and loose yoke at the back. Detachable belt with a plastic fastener at the waist, an adjustable tab at the cuffs, and a single back vent. Lined."
892547001,Cool Kite anklet pk,Other accessories,Accessories,Gold,Solid,Ladies Accessories,Accessories,Shiny metal chain anklets. Adjustable length 21-25 cm.
794321001,SULIMA  jkt,Jacket,Garment Upper body,Black,Solid,Sport,Unknown,"Outdoor jacket in woven fabric with a double-layered hood, stand up collar and zip down the front with a chin guard. Padded front and back sections, zipped side pockets, long raglan sleeves with thumbholes at the cuffs and inset side panels in sturdy jersey lined with thermal fleece. Longer and rounded at the back. Partly lined."
690488001,Fancy bongo ls,Top,Garment Upper body,Light Pink,Solid,Divided,Unknown,"Short, off-the-shoulder top in soft, crinkled fabric with a decorative tie detail at the neck and hole-embroidered section at the front. Long, wide sleeves with narrow elastication at the cuffs."
746330003,#NAME?,Bikini top,Swimwear,Black,Solid,Lingeries/Tights,Swimwear,"Bikini top with underwired, lined cups that give the bust a natural shape and good support. Adjustable shoulder straps and a fastener at the back."
806388004,Therese tee,T-shirt,Garment Upper body,Light Orange,Solid,Divided,Jersey Basic,Wide T-shirt in soft cotton jersey with a ribbed neckline.
580684005,Svenne sneaker,Sneakers,Shoes,Dark Blue,Stripe,Ladies Accessories,Shoes,Slip-on trainers in cotton twill with elastic gores in the sides and a loop at the back. Cotton canvas linings and insoles and thermoplastic rubber (TPR) soles.
763159001,Peaches jumpsuit,Dungarees,Garment Full body,Black,Application/3D,Divided,Dresses Ladies,"V-neck playsuit in airy plumeti chiffon crêpe with scalloped edges. Wrapover top with a concealed press-stud at the front, long sleeves with an opening and narrow, buttoned cuffs, and a concealed zip in one side. Elasticated seam and detachable tie belt at the waist, and short, wide legs. Partly lined."
649598001,YVONNE PARKA FANCY,Jacket,Garment Upper body,Dark Grey,Solid,Children Sizes 134-170,Outdoor,"Parka in soft, washed cotton twill with embroidered text on the back and a detachable, pile-lined hood with a faux fur trim. Zip and wind flap with press-studs down the front, flap side pockets with a press-stud, and ribbing at the cuffs and elastication at the hem. Pile lining."
706016015,Jade HW Skinny Denim TRS,Trousers,Garment Lower body,Dark Grey,Solid,Divided,Trousers,"High-waisted jeans in washed superstretch denim with a zip fly and button, fake front pockets, real back pockets and super-skinny legs."
639511001,Piper Party Dress,Dress,Garment Full body,Black,Solid,Divided,Dresses Ladies,"Short dress in a lustrous weave with a V-neck and wrapover at the top with a concealed press-stud. Opening at the back with a concealed button at the back of the neck, long cuffed sleeves with a slit running down, and a seam at the waist. Unlined."
750397011,NEW Golden retriver TVP X-mas,Sweater,Garment Upper body,Beige,Jacquard,Ladieswear,Knitwear,"Jumper knitted in a soft cotton blend containing some alpaca wool with pattern-knit sections and ribbing around the neckline, cuffs and hem."
677930060,Queen Sweater,Sweater,Garment Upper body,Light Orange,Embroidery,Divided,Jersey Basic,"Top in lightweight sweatshirt fabric with ribbing around the neckline, cuffs and hem."
749674001,Skinny Biker,Trousers,Garment Lower body,Dark Blue,Denim,Children Sizes 134-170,Trousers Denim,"5-pocket slim-fit jeans in supersoft, stretch denim with an adjustable, elasticated waist, zip fly and legs with seams and narrow hems."
688071001,2p Frankie thong,Underwear bottom,Underwear,Black,Solid,Lingeries/Tights,"Under-, Nightwear","Thong briefs in microfibre and lace with a lined gusset, string back and low, V-shaped waist with a wide lace trim."
810156001,Kim low waist (W),Trousers,Garment Lower body,Black,Solid,Ladieswear,Trousers,"Trousers in soft, stretch twill with a fake fly, fake front pockets, real back pockets and slim legs. Ribbing at the waist for best fit over the tummy."
772927001,J rintintin,Dress,Garment Full body,Black,Solid,Ladieswear,Dresses Ladies,"Calf-length dress in stretch, ribbed jersey with adjustable spaghetti shoulder straps and buttons at the front that are decorative apart from the four lowest ones. Unlined."
754713003,Kamikaze TVP- TM,Sweater,Garment Upper body,Black,Front print,Divided,Jersey Fancy,"Short, wide top in sweatshirt fabric with a stand-up collar, zip at the top, dropped shoulders, long sleeves and ribbing at the cuffs and hem. Soft brushed inside."
697992006,Raven,Sweater,Garment Upper body,Beige,Solid,Ladieswear,Knitwear,"Boxy-style jumper in a soft, textured knit with a deep V-neck, dropped shoulders, long sleeves and roll edges at the cuffs and hem."
777070004,Cinderella,Sweater,Garment Upper body,Light Grey,Melange,Ladieswear,Knitwear,"Jumper in a soft, boxy knit with a ribbed turtle neck, dropped shoulders, long sleeves and ribbing at the cuffs and hem. The polyester content of the jumper is recycled."
817533001,Rebecka dress,Dress,Garment Full body,Black,Solid,Ladieswear,Jersey Fancy,"Calf-length dress in ribbed jersey with a V-neck, long sleeves,wide ties under the bust and slits in the sides."
579010039,SWEATSHIRT,Sweater,Garment Upper body,Dark Blue,Solid,Baby Sizes 50-98,Jersey Basic,"Long-sleeved top in soft organic cotton sweatshirt fabric with a press-stud on one shoulder (no press-stud in sizes 1-4Y). Ribbing around the neckline, cuffs and hem. Soft brushed inside."
874819002,Maltese FUP,Cardigan,Garment Upper body,Light Beige,Melange,Ladieswear,Knitwear,Long cardigan in a soft knit containing some wool with dropped shoulders and patch front pockets. No buttons. The polyester content of the cardigan is recycled.
816845001,Amalfi RTW blouse,Blouse,Garment Upper body,White,Solid,Ladieswear,Blouses,"Straight-cut blouse in woven fabric with a small stand-up collar, V-neck and short cap sleeves."
835008005,Avignon,Blazer,Garment Upper body,Light Blue,Solid,Ladieswear,Dressed,"Straight-cut, double-breasted jacket in woven fabric with notch lapels, buttons at the front and jetted front pockets. Lined."
611415005,Charlotte Brazilian Aza.Low 2p,Underwear bottom,Underwear,Dark Red,Solid,Lingeries/Tights,"Under-, Nightwear","Brazilian briefs in lace with a low waist, lined gusset and high cut at the back."
796210012,Enter(1),Trousers,Garment Lower body,Greenish Khaki,Solid,Ladieswear,Trousers,"Trousers in superstretch twill with a high waist with concealed elastication, and slim legs with narrow hems."
892462002,Cool Leonie Necklace,Necklace,Accessories,Silver,Solid,Ladies Accessories,Accessories,"Short necklace in wide, shiny metal chain. Adjustable length 42-51 cm."
670698022,Rachel or Merry HW Denim TRS,Trousers,Garment Lower body,Light Turquoise,Denim,Divided,Trousers,"5-pocket, ankle-length jeans in washed stretch denim in a relaxed fit with a high waist, zip fly and button and straight legs with cut-off, raw-edge hems."
664319013,Tiblisi paperwaist tapered,Trousers,Garment Lower body,Yellowish Brown,Solid,Ladieswear,Trousers,"Trousers in woven fabric with a high paper bag waist, side pockets, detachable tie belt and tapered legs."
685017005,Vivian wrap Dress,Dress,Garment Full body,Black,All over pattern,Divided,Dresses Ladies,"Short dress in soft, patterned viscose with a V-neck and wrapover front with ties at the waist and long sleeves. Unlined."
737040003,SIGNE BOAT NECK,T-shirt,Garment Upper body,White,Solid,Ladieswear,Jersey Fancy,"Straight-cut top in sturdy cotton jersey with a boat neck, 3/4-length sleeves and rounded hem."
760597001,BUBBLE WRAP TOP,Top,Garment Upper body,Black,Solid,Ladieswear,Jersey Fancy,"Short-sleeved blouse in stretch, textured jersey with a V-neck, sewn-in wrapover at the front and decorative tie detail at one side."
728156006,Robin blazer,Blazer,Garment Upper body,Black,Solid,Ladieswear,Dressed,"Straight-cut jacket in woven fabric with a shawl collar, thin shoulder pads, welt front pockets and 3/4-length sleeves with a short slit at the cuffs. No fasteners. Lined."
922625002,SPEED SISSY SMOCK BLOUSE,Blouse,Garment Upper body,Dark Pink,Solid,Divided,Blouses,"Short blouse in woven fabric with a small frilled collar, opening and button at the back of the neck and a smocked bodice. Short, elasticated puff sleeves, and a frill trim at the hem."
796806002,Charlotte Push Melbourne,Bra,Underwear,White,Solid,Lingeries/Tights,"Under-, Nightwear","Push-up bra in lace with underwired, padded cups for a larger bust and fuller cleavage. Adjustable shoulder straps and a hook-and-eye fastening at the back."
720125007,SUPREME RW tights,Leggings/Tights,Garment Lower body,Black,Melange,Sport,Jersey Fancy,Sports tights in fast-drying functional fabric with a wide waistband to hold in and shape the waist. Regular waist with a concealed key pocket in the waistband.
772005009,Tilly.,T-shirt,Garment Upper body,White,Solid,Ladieswear,Jersey Basic,Short-sleeved cotton jersey top in a relaxed fit with a slightly wider neckline and a rounded hem.
511783004,Rachel Scarf,Scarf,Accessories,Black,Solid,Ladies Accessories,Accessories,"Scarf in soft, fine knit with a brushed finish. Fringes on the short sides. Size 65x180 cm."
868031001,Limon,Dress,Garment Full body,White,Solid,Ladieswear,Dresses Ladies,"Voluminous, calf-length dress woven in a textured weave made from a Tencel™ lyocell blend with a crinkled finish. Low-cut back, narrow, tie-top shoulder straps and a gathered seam at the hem for added width. Jersey lining."
781813007,Tonia shorts,Shorts,Garment Lower body,Light Beige,All over pattern,Ladieswear,Shorts,Short shorts in soft jersey made from a cotton and modal blend with an elasticated waist and side pockets.
698465004,Jadyn sneaker speed,Sneakers,Shoes,White,Solid,Ladies Accessories,Shoes,Mesh trainers with lacing and a loop front and the back. Mesh linings and insoles and lightweight ethylene-vinyl acetate (EVA) soles.
554598065,Nora T-shirt,T-shirt,Garment Upper body,Greenish Khaki,Solid,Ladieswear,Jersey Basic,"T-shirt in soft jersey with a round neck, short sleeves with sewn-in turn-ups, and a rounded hem."
679853003,Sirpa Basic TVP,Sweater,Garment Upper body,Light Turquoise,Melange,Divided,Knitwear,"Jumper in a soft knit with ribbing around the neckline, cuffs and hem."
723874001,Marielle sandalette,Heeled sandals,Shoes,Black,Solid,Ladies Accessories,Shoes,"Sandals with narrow straps, covered block heels and elasticated ankle straps. Imitation leather insoles and thermoplastic rubber (TPR) soles. Heel 5.5 cm."
399223032,Jeggings H.W,Trousers,Garment Lower body,Greenish Khaki,Solid,Divided,Trousers Denim,"Jeggings in washed, superstretch denim with a high waist, fake front pockets, real back pockets and skinny legs."
748748008,Winter sneaker,Sneakers,Shoes,Orange,Solid,Baby Sizes 50-98,Shoes,"Hi-tops with a lightly padded edge and tongue, loop at the back, lacing at the front and a zip in one side. Pile linings and insoles."
789769001,ED Melrose Shirt.,Shirt,Garment Upper body,White,Solid,Ladieswear,Blouses,"Shirt in an airy cotton weave with a collar, buttons down the front and a yoke with a pleat at the back. Chest pocket, long sleeves with buttoned cuffs, and a gently rounded hem. Longer at the back."
537895001,Paco Hairy Sweater,Sweater,Garment Upper body,Black,Solid,Divided,Knitwear,"Jumper in a fine, fluffy knit with dropped shoulders and ribbing around the neckline, cuffs and hem."
608776002,Scallop 5p Socks,Socks,Socks & Tights,Black,Solid,Lingeries/Tights,Socks and Tights,Fine-knit socks with a scalloped edge.
877137002,Theo pile sweater,Sweater,Garment Upper body,Off White,Solid,Ladieswear,Jersey Fancy,"Oversized, straight-cut top in soft faux shearling with dropped shoulders, long, wide sleeves and ribbing around the neckline and cuffs. Fine-knit inside."
662935002,Selena,Sweater,Garment Upper body,Beige,Melange,Ladieswear,Knitwear,"Jumper in a soft knit containing some wool with a V-neck, dropped shoulders and long, wide sleeves with ribbing at the cuffs."
637911004,Destiny,Blouse,Garment Upper body,Red,Solid,Ladieswear,Blouses,"Straight-cut blouse in woven fabric with a V-neck, short, wide sleeves and a straight-cut hem."
791492007,SEQUINS tee TP,T-shirt,Garment Upper body,Light Beige,Sequin,Children Sizes 92-140,Jersey Fancy,T-shirt in soft jersey with a reversible sequin motif on the front and narrow ribbing around the neckline.
661644004,SCARLETT scarf scrunchie,Hair/alice band,Accessories,Light Pink,Solid,Divided,Accessories,Elasticated satin scrunchie with a scarf detail.
789921003,Reena Half Zip sweater,Sweater,Garment Upper body,Orange,Solid,Sport,Jersey Fancy,"Sports top in fast-drying functional fabric with a stand-up collar, zip at the top, long raglan sleeves and ribbing at the cuffs and hem."
793102002,Gamble Playsuit,Jumpsuit/Playsuit,Garment Full body,Beige,All over pattern,Ladieswear,Blouses,"Satin playsuit with a V-neck, adjustable spaghetti shoulder straps that cross at the back, an elasticated seam at the waist and a loose wrapover front with ties at one side."
733936002,Pretty Please Cheeky Tanga,Swimwear bottom,Swimwear,Dark Red,All over pattern,Lingeries/Tights,Swimwear,"Fully lined bikini bottoms. Mid waist with gathered elastication and a small frill trim, and a high cut at the back."
621381014,Jade Trash HW Skinny Denim TRS,Trousers,Garment Lower body,Dark Blue,Solid,Divided,Trousers,"High-waisted jeans in washed superstretch denim with hard-worn details, a zip fly and button, back pockets and skinny legs."
729860002,Skirt Shine,Skirt,Garment Lower body,Black,Denim,Divided,Trousers Denim,"Short, 5-pocket skirt in washed, stretch denim with a zip fly and button. The skirt is made partly from recycled cotton."
866610001,Sanibel Zip TRS,Trousers,Garment Lower body,Black,Solid,Sport,Jersey Fancy,"Track pants in fast-drying functional fabric with wide, covered elastication and a drawstring at the waist. Mesh-lined side pockets, contrasting colour panels down the sides and a concealed zip at the hems."
746871001,PIM sweater,Sweater,Garment Upper body,Off White,Other structure,Children Sizes 134-170,Knitwear,"Long-sleeved jumper in a soft, fine, fluffy knit with ribbing around the neckline, cuffs and hem."
673677004,Henry polo (1),Sweater,Garment Upper body,Light Beige,Melange,Ladieswear,Knitwear,"Jumper in a soft, fine knit with a ribbed polo neck and ribbing at the cuffs and hem."
885710001,Romeo dress,Dress,Garment Full body,Light Beige,All over pattern,Ladieswear,Jersey Fancy,"Knee-length, V-neck dress in jersey with short sleeves, a sewn-in wrapover at the top and decorative ties at one side. Unlined."
562245046,Luna skinny RW,Trousers,Garment Lower body,Black,Solid,Ladieswear,Trousers,"5-pocket jeans in washed, superstretch denim with a regular waist, zip fly and button, and skinny legs."
569984002,REX SLIM LS T-SHIRT,T-shirt,Garment Upper body,White,Solid,Menswear,Jersey Basic,Top in soft jersey made from a cotton blend with a round neckline and long sleeves.
680265002,PLOPP tights,Leggings/Tights,Garment Lower body,Black,Solid,Sport,Jersey Fancy,Sports tights in fast-drying functional fabric with ribbing at the waist and a concealed key pocket in the waistband.
522918006,Lily dress W,Dress,Garment Full body,Black,Solid,Divided,Dresses Ladies,"Short dress in a viscose weave with an opening and covered button at the back of the neck, elasticated seam at the waist and 3/4-length sleeves with a slit at the cuffs. Unlined."
825200001,Mowgli Dress,Dress,Garment Full body,Light Beige,All over pattern,Ladieswear,Dresses Ladies,"Calf-length satin dress with a V-neck and wrapover front with narrow ties that fasten at one side. Long balloon sleeves with a narrow trim and covered button at the cuffs, a seam at the waist and a flared, pleated skirt. Lined."
554479016,Ozzy Denim Shorts,Shorts,Garment Lower body,Dark Blue,Solid,Divided,Shorts,High-waisted shorts in superstretch twill with back pockets and sewn-in turn-ups at the hems.
783346006,Primo slacks,Trousers,Garment Lower body,Light Beige,Check,Ladieswear,Trousers,Ankle-length cigarette trousers in a stretch weave with a regular waist that is elasticated at the back. Fake welt back pockets and slim legs with creases.
761713001,Lilly Cross,Bag,Accessories,Yellowish Brown,Solid,Ladies Accessories,Accessories,Small shoulder bag with a concealed magnetic fastener and a flap with a decorative metal ring. Two-part inner compartment and a shoulder strap with a chain fastening. Lined. Size 5.5x14.5x21.5 cm.
689005001,Walk Away Top,Bikini top,Swimwear,Black,Solid,Lingeries/Tights,Swimwear,"Triangle bikini top with wide shoulder straps and lined cups with removable inserts. Cut-out sections at the sides, a wide elastic hem and a metal fastener at the back."
679278001,Charlotte Push Melbourne,Bra,Underwear,Black,Solid,Lingeries/Tights,"Under-, Nightwear","Lace push-up bra with underwired, moulded, padded cups for a larger bust and fuller cleavage. Adjustable shoulder straps and a narrow hook-and-eye fastening at the back."
351484002,Lazer Razer Brief,Swimwear bottom,Swimwear,Black,Solid,Lingeries/Tights,Swimwear,"Fully lined bikini bottoms with a mid waist, medium coverage at the back and laser-cut, scalloped edges."
806388003,Therese tee,T-shirt,Garment Upper body,Beige,Solid,Divided,Jersey Basic,Wide T-shirt in soft cotton jersey with a ribbed neckline.
599580038,Timeless Midrise Brief,Swimwear bottom,Swimwear,Red,Solid,Lingeries/Tights,Swimwear,Fully lined bikini bottoms with a mid waist and medium coverage at the back.
123173001,Control Top 50 den 1p Tights,Leggings/Tights,Garment Lower body,Black,Solid,Lingeries/Tights,Socks and Tights,50 denier tights with reinforcement at the top for a shaping effect on the tummy and thighs.
781683009,Rattle body,Bodysuit,Garment Upper body,Light Turquoise,Solid,Ladieswear,Jersey Fancy,"V-neck body in jersey crêpe with a low-cut back, narrow shoulder straps and concealed press-studs at the crotch."
748816001,Doors,Blouse,Garment Upper body,White,Solid,Ladieswear,Blouses,"Sleeveless blouse in an airy patterned weave with a V-neck opening at the front, ties at the top and a pleated trim around the neckline and sleeves. Lined."
738950001,Cool Nugget earring,Necklace,Accessories,Gold,Solid,Ladies Accessories,Accessories,Earrings in plastic and metal. Length approx. 4 cm.
832253002,Eliza linen slack,Trousers,Garment Lower body,Yellowish Brown,Solid,Ladieswear,Trousers,"Ankle-length cigarette trousers in a linen and viscose weave with a regular waist, hook-and-eye fastener and zip fly. Side pockets, fake welt back pockets and tapered legs with creases."
786336005,Tina,Dress,Garment Full body,Dark Grey,Melange,Ladieswear,Jersey Basic,"Short, straight-cut dress in soft jersey with a boat neck, 3/4-length sleeves and pockets in the side seams."
689389045,DENISE SHIRT S.0,Shirt,Garment Upper body,Red,All over pattern,Divided,Blouses,"Straight-cut shirt in a soft viscose weave with a collar, buttons down the front, long sleeves with narrow, buttoned cuffs, and a rounded hem."
516903008,Sally Sweater,Sweater,Garment Upper body,Dark Grey,Other structure,Divided,Knitwear,"Jumper in a textured cotton-blend knit with dropped shoulders and ribbing around the neckline, cuffs and hem."
749509006,Maria Woven Shorts,Shorts,Garment Lower body,Grey,Check,Divided,Shorts,Short shorts in soft twill with a high waist that is elasticated at the back and has pleats and a sewn-on tie belt at the front. Pockets in the side seams.
800691013,Claudine rib,T-shirt,Garment Upper body,Orange,Solid,Ladieswear,Jersey Basic,"Fitted T-shirt in stretch, ribbed organic cotton jersey."
706016001,Jade HW Skinny Denim TRS,Trousers,Garment Lower body,Black,Solid,Divided,Trousers,"High-waisted jeans in washed superstretch denim with a zip fly and button, fake front pockets, real back pockets and super-skinny legs."
706016001,Jade HW Skinny Denim TRS,Trousers,Garment Lower body,Black,Solid,Divided,Trousers,"High-waisted jeans in washed superstretch denim with a zip fly and button, fake front pockets, real back pockets and super-skinny legs."
705732003,East HW tapered,Trousers,Garment Lower body,Greenish Khaki,Solid,Ladieswear,Trousers,"Ankle-length trousers in woven fabric with a high waist, sewn-on tie belt, elastication at the back and pleats at the top. Side pockets, fake welt back pockets and tapered legs with creases."
760111006,Siv,Sweater,Garment Upper body,Light Yellow,Solid,Ladieswear,Jersey Fancy,"Wide, boxy top in sweatshirt fabric with a slightly wider neckline, dropped shoulders, long, wide sleeves and ribbing at the cuffs and hem. Soft brushed inside."
872085003,PAPAYA MINI SKIRT S.1,Skirt,Garment Lower body,Orange,Solid,Divided,Skirts,"Smocked skirt in a viscose weave. High waist with covered elastication, and a seam with a wide flounce at the hem. Unlined."
473954005,2p OP Hipster Cheeky Low,Underwear bottom,Underwear,Light Beige,Solid,Lingeries/Tights,"Under-, Nightwear","Microfibre hipster briefs with a low waist, lined gusset, wide sides and cutaway coverage at the back."
635789007,Morley,T-shirt,Garment Upper body,Off White,Solid,Ladieswear,Jersey Basic,"Straight-cut T-shirt in viscose jersey with a sheen, with a wide neckline and low dropped shoulders."
809521001,Milla sockboot,Boots,Shoes,Black,Solid,Ladies Accessories,Shoes,Sock boots in imitation suede with a soft elasticated shaft and covered heels. Imitation leather insoles. Heel 8 cm.
672320001,Greta Hip reg.(Poppy) Mi 3p,Underwear bottom,Underwear,Black,Solid,Lingeries/Tights,"Under-, Nightwear","Hipster briefs in jersey made from a cotton blend with lace trims. Regular waist, lined gusset, wide sides and cutaway coverage at the back."
473954008,OP Cheeky hipster 2p,Unknown,Unknown,Black,Solid,Lingeries/Tights,"Under-, Nightwear","Microfibre hipster briefs with a low waist, lined gusset, wide sides and cutaway coverage at the back."
800691009,Claudine rib,T-shirt,Garment Upper body,Greenish Khaki,Solid,Ladieswear,Jersey Basic,"Fitted T-shirt in stretch, ribbed organic cotton jersey."
700912001,Rita Exclusive,Skirt,Garment Lower body,Black,Glittering/Metallic,Divided,Skirts,Short skirt in stretch jersey with an elasticated waist and a pattern made from plastic-studs on the front.
814015001,High price hairpin pk,Earring,Accessories,White,Solid,Ladies Accessories,Accessories,"Three hair clips and two pairs of earrings in metal decorated with pearly plastic beads. Length of hair clips 7-8 cm, length of earrings 2 cm and 4.5 cm."
808701003,Keira wedge,Wedge,Shoes,Dark Orange,Solid,Ladies Accessories,Shoes,Wedge-heeled sandals in imitation suede with long straps at the top that tie around the ankles and a braided jute trim around the soles. Imitation leather insoles. Platform front 2 cm. Heel 9 cm.
677049002,Molly,Sweater,Garment Upper body,Dark Blue,Solid,Ladieswear,Knitwear,Fine-knit jumper with a small stand-up collar and long sleeves with ribbing and a flounce at the cuffs.
811927002,Knot Bitter Det Brief,Swimwear bottom,Swimwear,Black,All over pattern,Lingeries/Tights,Swimwear,"Fully lined bikini bottoms with a mid waist, knot detail at the sides and cutaway coverage at the back."
572797002,ESSENTIAL TANKTOP LACE TVP,Vest top,Garment Upper body,White,Solid,Ladieswear,Jersey Fancy,Fitted vest top in soft cotton jersey with lace trims around the neckline and armholes.
714032003,Oz skinny fit trs,Trousers,Garment Lower body,Light Grey,Melange,Menswear,Trousers,"Suit trousers in a stretch weave with a concealed hook-and-eye fastener and zip fly. Side pockets, welt back pockets and legs with creases. Skinny fit – a fit with slightly shorter legs that is close-fitting at the thighs, knees and ankles to create a completely fitted silhouette."
819137001,H1 Julia dress,Dress,Garment Full body,Greenish Khaki,All over pattern,Ladieswear,Special Offers,"Round-necked dress in airy, smocked jersey made from recycled polyester. Long sleeves with a flounce at the cuffs. Fitted at the top, a seam at the hips and a wide skirt."
708456008,Himla top,Top,Garment Upper body,Light Beige,Solid,Ladieswear,Jersey Fancy,"Fitted top in crinkled jersey with a square neckline front and back and short, frill-trimmed puff sleeves."
785575002,&denim festive HW ankle,Trousers,Garment Lower body,Blue,Denim,Ladieswear,Trousers Denim,"5-pocket, ankle-length jeans in washed, stretch denim with hard-worn details, a high waist, zip fly and button and super-skinny legs."
801384014,Molly Twill TRS,Trousers,Garment Lower body,Black,Check,Divided,Trousers,"Ankle-length trousers in stretch twill with a high waist, zip fly and button, back pockets and super-skinny legs."
739144006,Kelso HW fancy,Shorts,Garment Lower body,Greenish Khaki,Solid,Ladieswear,Shorts,"Shorts in an airy viscose weave. High waist with wide, covered elastication at the back, pleats at the top, diagonal side pockets and wide legs."
741040003,Maggie high support,Bra,Underwear,Greenish Khaki,Solid,Sport,Jersey Fancy,"Sports bra in fast-drying functional fabric with underwired, padded cups and wide, adjustable shoulder straps that cross at the back. Covered elastication at the hem and a hook-and-eye fastening at the back. Extra firm support."
630141001,HAVANA TIGHTS,Leggings/Tights,Garment Lower body,Black,Solid,Sport,Jersey Fancy,Yoga tights in fast-drying functional fabric with a wide waistband to hold in and shape the waist. Key pocket in the waistband.
805275002,Burmilla blazer,Blazer,Garment Upper body,Dark Turquoise,Solid,Ladieswear,Dressed,"Straight-cut jacket in woven fabric with notch lapels, jetted front pockets and 3/4-length sleeves with gathers. No fasteners. Lined."
225784044,HARLEY 2-pack basic tee,T-shirt,Garment Upper body,Light Pink,Melange,Children Sizes 134-170,Jersey Basic,Short-sleeved tops in cotton jersey.
648738021,BASIC HOOD,Sweater,Garment Upper body,Other Red,Front print,Ladieswear,Jersey Fancy,"Top in soft sweatshirt fabric with a print motif on the front and jersey-lined drawstring hood with a ribbed edge. Long sleeves, a kangaroo pocket and ribbing at the cuffs and hem. Soft brushed inside."
599580017,Timeless Midrise Brief,Swimwear bottom,Swimwear,Black,Other structure,Lingeries/Tights,Swimwear,Fully lined bikini bottoms with a mid waist and medium coverage at the back.
820853006,Beau 2pk top,T-shirt,Garment Upper body,Red,Stripe,Baby Sizes 50-98,Jersey Fancy,"Long-sleeved tops in soft cotton jersey with a round neckline, concealed press-stud on one shoulder (except in sizes 1½-4Y) and a flounced trim at the top. One top with an all-over print."
663016002,Whisper,Sweater,Garment Upper body,Off White,Solid,Ladieswear,Knitwear,"Wide polo-neck jumper in a soft rib knit containing some wool with low dropped shoulders and long, wide sleeves with ribbed cuffs. Slightly longer at the back."
870611002,Baltazar short denim,Skirt,Garment Lower body,Dark Blue,Denim,Ladieswear,Skirts,"Short, 5-pocket skirt in washed cotton denim with a high waist and zip fly and button."
606711003,Rylee flatform,Heeled sandals,Shoes,Light Orange,Solid,Ladies Accessories,Shoes,"Sandals with imitation suede straps, an elastic heel strap and wedge heels. Satin insoles and thermoplastic rubber (TPR) soles. Platform front 2 cm, heel 6 cm."
788323004,Garden dress,Dress,Garment Full body,Other Red,Solid,Ladieswear,Jersey Fancy,"Short, A-line dress in jersey crêpe with gathers and a small frill trim at the top and tie-top shoulder straps. Seam below the bust and at the hem with wide, tiered flounces."
554450001,Julia RW Skinny Denim TRS,Trousers,Garment Lower body,Black,Solid,Divided,Trousers,5-pocket jeans in superstretch washed denim with a regular waist and super-skinny legs.
717538002,Mac N Cheez Bandeau,Bikini top,Swimwear,Black,Solid,Lingeries/Tights,Swimwear,"Fully lined bandeau bikini top with wide smocking front and back, a frill trim top and bottom and tie-top shoulder straps."
714790020,Mom Fit Ultra HW,Trousers,Garment Lower body,Blue,Denim,Divided,Trousers Denim,"5-pocket, ankle-length jeans in washed, stretch cotton denim with an extra-high waist. Slightly looser fit with straight legs. The cotton content of the jeans is partly recycled."
838920001,Collins midi dress,Dress,Garment Full body,Black,Dot,Divided,Dresses Ladies,"Calf-length dress in viscose crêpe with a V-neck. Short sleeves with a small opening and ties at the hems, buttons down the front and two slits at the hem. Unlined."
738810005,TINDRA sport sock,Socks,Socks & Tights,Dark Pink,Melange,Sport,Accessories,Fine-knit trainer socks in fast-drying functional fabric with a slightly higher shaft at the heel for optimum comfort.
698293001,Just for Life Top,Bikini top,Swimwear,Blue,Stripe,Lingeries/Tights,Swimwear,"Frilled bikini top with lined cups with removable inserts, narrow adjustable shoulder straps and a fastener at the back."
871581003,Basilika Playsuit,Trousers,Garment Lower body,Off White,All over pattern,Ladieswear,Jersey Fancy,"Jersey playsuit with a smocked bodice, small frill trim at the top, narrow, adjustable shoulder straps and a seam with a detachable tie belt at the waist. Short, slightly wider legs."
720125001,SUPREME RW tights,Leggings/Tights,Garment Lower body,Black,Solid,Sport,Jersey Fancy,Sports tights in fast-drying functional fabric with a wide waistband to hold in and shape the waist. Regular waist with a concealed key pocket in the waistband.
607534006,J Paradiso,Dress,Garment Full body,Dark Green,Solid,Ladieswear,Dresses Ladies,"Fitted jersey dress with long, straight sleeves. Unlined."
654091001,Class Sally Hoops,Earring,Accessories,Gold,Solid,Ladies Accessories,Accessories,Tear-shaped metal earrings. Length 5.5 cm.
825801001,PEACH PARTY TANK,Vest top,Garment Upper body,Black,Solid,Divided,Blouses,"Satin top with a draped neckline and narrow, detachable shoulder straps in metal with sparkly stones. Double layer at the top."
725358003,PORTOBELLO MUSCLE POLO,Polo shirt,Garment Upper body,Dark Red,Other structure,Menswear,Jersey Fancy,"Polo shirt in cotton piqué with a ribbed collar, two buttons at the top, saddle shoulders and short sleeves with ribbed trims. Muscle Fit – a fit designed to showcase the body’s physique with narrow shoulders and tapered sleeves to create a flattering silhouette."
652033001,ADELE FUR MITTENS,Gloves,Accessories,Black,Solid,Divided,Accessories,Mittens in soft faux fur with ribbed cuffs. Fleece lining.
708428007,Bella l/s,Top,Garment Upper body,Dark Blue,Solid,Ladieswear,Jersey Fancy,"Linen jersey top in a relaxed fit with a V-neck, long sleeves and a tie detail at the hem."
842062003,ZOLA MID SKIRT,Skirt,Garment Lower body,Black,Solid,Divided,Skirts,"High-waisted, calf-length skirt in an airy viscose weave with a concealed zip. Decorative covered buttons and a high split at one side. Unlined."
685816006,RONNY R-NECK,T-shirt,Garment Upper body,Dark Blue,Melange,Menswear,Jersey Basic,Round-necked T-shirt in soft cotton jersey.
663519001,Lily Hipster (Poppy) 3pk,Underwear bottom,Underwear,Black,Solid,Lingeries/Tights,"Under-, Nightwear","Hipster briefs in cotton jersey with lace trims, a low waist, lined gusset, wide sides and cutaway coverage at the back."
831417001,ED Rio dress,Dress,Garment Full body,Black,All over pattern,Ladieswear,Blouses,"Short, wide dress in airy, crinkled chiffon with a small frilled collar and an opening with ties at the top. Long raglan balloon sleeves with buttoned cuffs, a gathered seam at the waist and a skirt with seams. Lined."
566140006,Timeless Tie Tanga,Swimwear bottom,Swimwear,Light Grey,Melange,Lingeries/Tights,Swimwear,Fully lined bikini bottoms with a low waist and ties at the sides.
737601002,HEATHER SKIRT S.9,Skirt,Garment Lower body,Black,Check,Divided,Skirts,"Short, fitted skirt in a cotton weave with a high waist and buttons down the front. Unlined."
903306003,Uma Softbra Rib Mia Conscious,Bra,Underwear,White,Solid,Lingeries/Tights,"Under-, Nightwear","Soft, non-wired bra in ribbed jersey designed with the minimum number of seams for a seamless, comfortable feel against the skin. Adjustable shoulder straps and lined cups with removable inserts that shape the bust and provide good support. No fasteners. The polyamide content of the bra is partly recycled."
666080003,Atlanta Push Lace Valencia,Bra,Underwear,Light Beige,Solid,Lingeries/Tights,"Under-, Nightwear","Lace push-up bra with underwired, moulded, padded cups for a larger bust and fuller cleavage. Adjustable shoulder straps and a wide hook-and-eye fastening at the back."
806775001,Santa Padded Soft Body,Underwear body,Underwear,Black,Solid,Lingeries/Tights,"Under-, Nightwear","Body in soft lace with a straight cut at the top, mesh-lined cups with removable inserts, adjustable shoulder straps and a string back."
714790017,Mom Fit Ultra HW,Trousers,Garment Lower body,Blue,Denim,Divided,Trousers Denim,"5-pocket, ankle-length jeans in washed, stretch cotton denim with an extra-high waist. Slightly looser fit with straight legs. The cotton content of the jeans is partly recycled."
507909003,Rebecca or Delphine shirt,Shirt,Garment Upper body,Black,Solid,Ladieswear,Blouses,"Gently tailored shirt in a stretch cotton blend with a turn-down collar, V-neck, buttons down the front and buttoned cuffs."
611635003,Sylvia Cross Bag,Bag,Accessories,Black,Solid,Ladies Accessories,Accessories,"Shoulder bag in imitation leather with a zip at the top, detachable shoulder strap with a carabiner hook at each end and an outer compartment with a press-stud. Lined."
700079002,Orvar strap top,Vest top,Garment Upper body,Dark Blue,All over pattern,Ladieswear,Blouses,"Top in a crinkled viscose weave with narrow shoulder straps and gathers at the top, both front and back."
729620002,Saks,Cardigan,Garment Upper body,Yellowish Brown,Solid,Ladieswear,Knitwear,"Straight-style cardigan in a soft knit with a V-neck, buttons down the front and long, flared raglan sleeves."
878987003,Wave relaxed new,Shorts,Garment Lower body,Dark Grey,Melange,Menswear,Shorts,"Shorts in woven fabric. Relaxed fit with an elasticated, drawstring waist, zip fly and concealed hook-and-eye fastening. Side pockets and a welt back pocket."
904017001,Lana NW straight denim trs,Trousers,Garment Lower body,Black,Denim,Ladieswear,Blouses,"5-pocket jeans in washed denim with a regular waist, zip fly and button, and straight, extra-long legs with raw-edge hems."
636587002,Ronny R-Neck,T-shirt,Garment Upper body,White,Solid,Menswear,Jersey Basic,Jersey T-shirt.
726516002,Chicago Twill Trousers,Trousers,Garment Lower body,Dark Blue,Solid,Divided,Trousers,"Trousers in washed stretch twill with a regular, elasticated waist and slim legs."
630956001,GLOVE FLEECE FUNCTION,Gloves,Accessories,Black,Solid,"Children Accessories, Swimwear",Accessories,Windproof gloves in jersey and fleece with reinforced palms and an adjustable hook and loop tab at the wrists. The tops of the thumb and index finger are in touchscreen-compatible material. D-ring and hook to clip the gloves together.
496111011,Devon basic sweater,Sweater,Garment Upper body,Light Purple,Solid,Ladieswear,Knitwear,"Jumper in a soft knit with visible seams at the front, dropped shoulders, long sleeves and ribbed roll edges at the cuffs and hem."
718427001,LAGOON bonded HW tights,Leggings/Tights,Garment Lower body,Black,Colour blocking,Sport,Jersey Fancy,"Sports tights in fast-drying functional fabric with a wide waistband to hold in and shape the waist and wide, taped reinforcements down the legs for extra support. Concealed key pocket in the waistband."
632813004,Nathan r-neck,Sweater,Garment Upper body,Grey,Melange,Menswear,Knitwear,"Fine-knit cotton jumper with long, rib-knit raglan sleeves and ribbing around the neckline, cuffs and hem."
656031001,Eden Hipster Ch. Poppy Mid,Underwear bottom,Underwear,Black,Solid,Lingeries/Tights,"Under-, Nightwear","Hipster briefs in lace with a mid waist, lined gusset, wide sides and medium coverage at the back with decorative straps."
693242016,Bama(1),Sweater,Garment Upper body,Yellowish Brown,Melange,Ladieswear,Knitwear,"Wide jumper in a soft, fine knit containing some wool with dropped shoulders, long sleeves and ribbing around the neckline, cuffs and hem."
523489013,10p Jersey Terry,Hair string,Accessories,Beige,Solid,Ladies Accessories,Accessories,Jersey hair elastics without metal clips.
795675003,Gabbi tank/nina/nelia,Vest top,Garment Upper body,White,Solid,Divided,Jersey Basic,Fitted vest top in stretch cotton jersey.
775310002,CSP Saint tropez shorts,Trousers,Garment Lower body,Dark Blue,Stripe,Ladieswear,Jersey Fancy,"Short shorts in jersey made from a cotton blend containing glittery threads with a high, elasticated waist and side pockets."
605690001,Buckle Up Cheeky Brief,Swimwear bottom,Swimwear,Black,Solid,Lingeries/Tights,Swimwear,Fully lined bikini bottoms with a low waist and elasticated crossover straps at the waist and sides. High-cut at the back.
548415001,Champagne velour tee,T-shirt,Garment Upper body,Black,Placement print,Divided,Jersey Fancy,Oversized T-shirt in velour with a print motif and embroidered appliqué on the front.
573716053,Kanta slacks RW,Trousers,Garment Lower body,White,All over pattern,Ladieswear,Trousers,"Ankle-length cigarette trousers in a stretch weave with a regular waist, concealed zip in one side, fake back pockets and tapered legs with slits at the hems."
615141001,Juanos,Top,Garment Upper body,White,Solid,Ladieswear,Jersey Fancy,"Long-sleeved, fitted top in ribbed jersey with a slight sheen. Tape-trimmed V-neck front and back."
351484026,Lazer Razer Brief,Swimwear bottom,Swimwear,Light Blue,Stripe,Lingeries/Tights,Swimwear,"Fully lined bikini bottoms with a mid waist, medium coverage at the back and laser-cut, scalloped edges."
910132001,V-neck strap top 2-pack,Vest top,Garment Upper body,Black,Solid,Ladieswear,Jersey Basic,"V-neck strappy tops in soft, organic cotton jersey, one ribbed."
852513004,Bimbette,Jacket,Garment Upper body,Black,Solid,Ladieswear,Outdoor,"Straight-cut coat in a stretch weave with notch lapels, a button at the front and side pockets with a decorative flap and button. Unlined."
716110001,Ursula Body,Bodysuit,Garment Upper body,Black,Solid,Ladieswear,Jersey Fancy,"Jersey body with a V-neck, short cap sleeves and a lined gusset with press-studs."
664074030,Charlie Top,Top,Garment Upper body,Dark Blue,Solid,Ladieswear,Jersey Fancy,Straight-cut top in airy jersey crêpe with a boat neck and short sleeves with pleated trims.
748566003,SARGASSO HW ankle tights,Leggings/Tights,Garment Lower body,Purple,Solid,Sport,Jersey Fancy,"High-waisted, ankle-length sports tights in fast-drying functional fabric. Wide panel to hold in and shape the waist containing a concealed key pocket. Sculpting seams at the back that showcase the body’s physique."
823168003,Sporty Spice Highwaist Brazil,Swimwear bottom,Swimwear,White,Other structure,Lingeries/Tights,Swimwear,"Fully lined, waist-high bikini bottoms with high-cut legs and a high cut at the back."
816588001,Bongo LS,Top,Garment Upper body,Light Pink,Solid,Divided,Jersey Fancy,"Cropped, off-the-shoulder jersey top with a smocked panel at the top and bottom and long sleeves with narrow, covered elastication at the cuffs."
312878001,Pablo coat,Coat,Garment Upper body,Black,Solid,Divided,Outdoor,"Coat in a woven wool blend with a hood and concealed press-studs down the front. Tie belt at the waist, side pockets and a single back vent. Lined. The wool content of the coat is recycled."
747190001,Rania tee dress w,Dress,Garment Full body,Black,All over pattern,Divided,Jersey Fancy,"Short, straight-cut dress in patterned cotton jersey with gently dropped shoulders and short sleeves."
797150002,Valentine,Blouse,Garment Upper body,Black,All over pattern,Ladieswear,Blouses,Wide blouse in woven fabric with elastication and decorative gathers around the neckline and a small frilled collar. Long raglan sleeves with wide smocking and a small frill trim at the cuffs.
663015005,Sultan,Sweater,Garment Upper body,Dark Red,Melange,Ladieswear,Knitwear,"Jumper in a soft knit with low dropped shoulders, long sleeves and ribbing around the neckline, cuffs and hem."
733868003,SC DIVINE jsy dress,Dress,Garment Full body,Dark Yellow,Solid,Ladieswear,Unknown,"STUDIO COLLECTION. Short dress in sturdy cotton jersey in a boxy fit with seam details at the top, dropped shoulders and short sleeves. Narrow, elasticated seam at the waist, sewn-on gently draped panels that create a wrapover, and a straight-cut skirt. Unlined."
734647003,Calamare Blazer,Blazer,Garment Upper body,Grey,All over pattern,Divided,Outdoor,"Jacket in sturdy jersey with notch lapels, a detachable tie belt at the waist and pockets in the side seams. Unlined."
697564009,KELLY SHIRT S9,Shirt,Garment Upper body,Light Yellow,Solid,Divided,Blouses,"Shirt in airy cotton with a collar, buttons down the front, long sleeves with buttoned cuffs, and a rounded hem."
807449004,Annalisa bodycon dress,Dress,Garment Full body,Black,Solid,Ladieswear,Jersey Fancy,"Short, fitted dress in sturdy jersey made from a viscose blend with a V-neck, low-cut back and narrow shoulder straps. Unlined."
554479005,Ozzy Denim Shorts,Shorts,Garment Lower body,Light Blue,Solid,Divided,Shorts,High-waisted shorts in superstretch twill with back pockets and sewn-in turn-ups at the hems.
864380002,Berlin,Dress,Garment Full body,Black,All over pattern,Ladieswear,Dresses Ladies,"Calf-length dress in a patterned viscose weave with a round neckline, smocked bodice and opening with a concealed button at the back of the neck. Long, wide sleeves with narrow, covered elastication at the cuffs, a gathered seam at the waist and a gently flared skirt. Unlined."
682670002,Zoe L/S,Sweater,Garment Upper body,Dark Green,Solid,Divided,Jersey Basic,Long-sleeved top in soft jersey made from a viscose blend with a boat neck and dropped shoulders.
728162005,Talia (1),T-shirt,Garment Upper body,Dark Grey,Melange,Ladieswear,Jersey Basic,V-neck T-shirt in cotton jersey with a rounded hem. Slightly longer at the back.
650279001,Luna Push Lace Melbourne CS,Bra,Underwear,Black,Solid,Lingeries/Tights,"Under-, Nightwear","Lace push-up bra with underwired, moulded, padded cups for a larger bust and fuller cleavage. Narrow elastic straps that cross at the front and adjustable shoulder straps. Fastening at the back with two pairs of hooks and eyes."
529008003,Hazelnut Push Melbourne,Bra,Underwear,Black,Solid,Lingeries/Tights,"Under-, Nightwear","Lace push-up bra with underwired, moulded, padded cups for a larger bust and fuller cleavage. Narrow, adjustable shoulder straps and a narrow fastening at the back with two pairs of hooks and eyes."
783346016,Primo slacks,Trousers,Garment Lower body,Greenish Khaki,Solid,Ladieswear,Trousers,Ankle-length cigarette trousers in a stretch weave with a regular waist that is elasticated at the back. Fake welt back pockets and slim legs with creases.
928910001,Cool Snook hoop,Earring,Accessories,Gold,Solid,Ladies Accessories,Accessories,Rhinestone-decorated metal hoop earrings in the shape of a snake’s head at the top.
619660001,Klimt,Trousers,Garment Lower body,Black,Solid,Ladieswear,Trousers,"Trousers in washed stretch cotton twill with patch front pockets, one with a concealed zip and press-stud, and back pockets. Slim legs that flare at the hem with creases."
784587001,Paris Dress,Dress,Garment Full body,Black,Solid,Divided,Dresses Ladies,"Short, V-neck dress in a viscose weave with buttons down the front, short puff sleeves with narrow elastication at the cuffs, and a seam with a flounce at the hem. Unlined."
822224001,Fall Out Dress,Dress,Garment Full body,Light Beige,Solid,Ladieswear,Dresses Ladies,"Calf-length dress in softly draping satin with a sheen. V-neck, wide ties that cross at the front and tie at the back, long gathered sleeves and wide cuffs with covered buttons. Seam at the waist, a concealed zip at the back and a flared skirt with a seam and wide flounce at the hem. Unlined."
399136027,Shaping Skinny R.W.,Trousers,Garment Lower body,Dark Blue,Denim,Divided,Trousers Denim,"Shaping. 5-pocket jeans in washed denim with technical stretch that holds in and shapes the tummy, thighs and seat while keeping the jeans in shape. Regular waist and skinny legs."
548482001,Millenium,Top,Garment Upper body,Dark Purple,Solid,Ladieswear,Blouses,"Jacquard-patterned chiffon blouse in a straight cut with a collar, concealed fasteners at the front and cuffs, and slits in the sides."
573716012,Kanta slacks RW,Trousers,Garment Lower body,Black,Solid,Ladieswear,Trousers,"Ankle-length cigarette trousers in a stretch weave with a regular waist, concealed zip in one side, fake back pockets and tapered legs with slits at the hems."
855249008,Lake,Dress,Garment Full body,Black,Solid,Ladieswear,Dresses Ladies,Calf-length dress in woven fabric. Wide fit with an opening and covered button at the back of the neck and short puff sleeves with narrow cuffs. Seam at the waist and a flared skirt with a flounce at the hem.
220094001,Aguilera maxidress,Dress,Garment Full body,Black,Solid,Ladieswear,Jersey Basic,Strapless maxi dress in jersey with an elasticated seam at the waist and slits in the sides. Integral top with elastication at the top.
660599013,Baraboom (1),Cardigan,Garment Upper body,Light Beige,Melange,Ladieswear,Knitwear,"Long cardigan in a soft, fine knit with long sleeves and ribbing at the cuffs and hem. No buttons."
695544009,Pluto slacks RW,Trousers,Garment Lower body,Light Beige,All over pattern,Ladieswear,Trousers,"Ankle-length cigarette trousers in stretch satin made from a cotton blend with a zip fly, concealed hook-and-eye fasteners and a regular waist with concealed elastication. Side pockets, fake welt back pockets and tapered legs with creases."
708688001,AK SODIUM SKIRT D1,Skirt,Garment Lower body,Light Blue,Denim,Divided,Trousers,"5-pocket, knee-length skirt in washed denim with a high waist, zip fly and slit at the front of the hem."
661399005,KARIN PADDED bra,Bra,Underwear,Other Yellow,All over pattern,Sport,Jersey Fancy,"Sports bra in fast-drying functional fabric with a mesh racer back, lightly padded cups with removable inserts and a wide elasticated hem. Extra firm support."
918292011,STRONG HW seamless tights,Leggings/Tights,Garment Lower body,White,Melange,Sport,Jersey Fancy,"Sports tights in fast-drying functional fabric with jacquard-patterned details. High waist with wide, elasticated ribbing. The tights are designed with the minimum number of seams for a more comfortable fit and increased mobility."
858453001,Hills dress,Dress,Garment Full body,Green,All over pattern,Ladieswear,Dresses Ladies,"Calf-length dress in softly draping, patterned satin with a stand-up collar, V-neck opening with a concealed button at the front, and a concealed zip in one side. Long sleeves with double-layered, buttoned cuffs, a seam at the waist with a detachable tie belt, and a flared skirt. Unlined."
881432001,Bobby shirt dress,Dress,Garment Full body,White,Solid,Ladieswear,Blouses,"Ankle-length dress in crisp cotton poplin with a collar and concealed buttons down the front. Dropped shoulders and long, wide sleeves with pleats and wide, buttoned cuffs. Pleats to define the waist and add volume and a flared, voluminous skirt. Unlined."
357792004,Alessa cat sunglasses,Sunglasses,Accessories,Black,Solid,Ladies Accessories,Accessories,"Sunglasses with plastic frames, metal side pieces and UV-protective, tinted lenses."
399223026,Jeggings H.W,Trousers,Garment Lower body,Light Blue,Denim,Divided,Trousers Denim,"Jeggings in washed, superstretch denim with a high waist, fake front pockets, real back pockets and skinny legs."
469021001,Harry Herringbone,Scarf,Accessories,Dark Grey,Melange,Menswear,Accessories,Herringbone-patterned scarf in soft fabric with fringes along the short sides. Size 50x190 cm.
751471019,Pluto RW slacks (1),Trousers,Garment Lower body,Black,All over pattern,Ladieswear,Trousers,"Ankle-length cigarette trousers in a stretch weave with a zip fly, concealed hook-and-eye fastening, and regular waist with concealed elastication. Side pockets, fake back pockets and tapered legs."
494935005,DANTE set,Garment Set,Garment Full body,White,Front print,Baby Sizes 50-98,Jersey Fancy,"Set with a bodysuit, trousers and hat in soft organic cotton jersey. Bodysuit with lapped shoulders, long sleeves and press-studs at the crotch. Trousers with foldover ribbing at the waist. Hat with sewn-on ears."
854619003,Baby Love Cheeky Brief,Swimwear bottom,Swimwear,Off White,All over pattern,Lingeries/Tights,Swimwear,"Fully lined bikini bottoms. Mid waist with wide elastication, overlocked edges around the legs and cutaway coverage at the back."
832036002,Mimosa padded softbra P2,Bra,Underwear,White,Solid,Lingeries/Tights,"Under-, Nightwear","Soft, non-wired bra in lace with adjustable shoulder straps and mesh-lined, triangular cups with removable inserts that shape the bust and provide good support. Elastic hem, and a hook-and-eye fastening at the back."
569984016,R-NECK LS SLIM FIT,Top,Garment Upper body,Dark Turquoise,Stripe,Menswear,Jersey Basic,Top in soft jersey made from a cotton blend with a round neckline and long sleeves.
745736001,Liam wool coat,Jacket,Garment Upper body,Dark Pink,Solid,Ladieswear,Outdoor,"Gently fitted, knee-length coat in a jacquard-weave wool blend with notch lapels and buttons down the front. Welt front pockets with a flap, long sleeves with buttons at the cuffs, and a single back vent. Lined."
676640001,Chicago,Boots,Shoes,Black,Solid,Ladies Accessories,Shoes,"Ankle boots in imitation leather with pointed toes and a zip in one side. Fabric linings, imitation leather insoles and rubber soles. Heel 8 cm."
855303002,Sorrento cardigan,Cardigan,Garment Upper body,Light Purple,Solid,Ladieswear,Knitwear,"Boxy-style cardigan knitted in soft wool with a V-neck, buttons down the front and two patch front pockets. Dropped shoulders, long, wide sleeves, and ribbing at the cuffs and hem."
754877005,Bagira Padded Soft Bra Mia,Bra,Underwear,Light Pink,Solid,Lingeries/Tights,"Under-, Nightwear","Soft, non-wired bra in lace and mesh with removable inserts that give the bust a natural shape and light support. Narrow, adjustable shoulder straps, mesh-lined cups and a hook-and-eye fastening."
400342003,Slim 5pkt Midprice,Trousers,Garment Lower body,Black,Solid,Menswear,Trousers Denim,"5-pocket, low-rise jeans in washed stretch denim with slim legs. The jeans are made partly from recycled cotton."
581162001,Beth sandal,Sandals,Shoes,Black,Solid,Ladies Accessories,Shoes,Sandals with an elastic ankle strap and rubber soles.
721435005,Love Espadrille,Sandals,Shoes,Light Pink,Solid,Ladies Accessories,Shoes,"Espadrilles with open sides, an adjustable strap with a metal buckle, elastication at the back, and a braided jute trim around the soles. Imitation leather linings and insoles, and fluted soles. Platform 4.5 cm."
589222001,Skinny H.W Air,Trousers,Garment Lower body,Black,Denim,Divided,Trousers Denim,"High-waisted jeans in stretch denim with a zip fly and button, fake front pockets, real back pockets and skinny legs."
780918001,Flirty Nanna b-let,Bracelet,Accessories,Gold,Solid,Ladies Accessories,Accessories,Metal chain bracelet with shells and shell-shaped pendants. Adjustable length 18-22 cm.
910601001,Pixie PU,Trousers,Garment Lower body,Black,Treatment,Ladieswear,Trousers,"5-pocket, ankle-length trousers in imitation leather with a high waist, zip fly and button and straight legs with seams just below the knees."
715828005,CASSIM ROLLNECK,Sweater,Garment Upper body,Dark Grey,Melange,Menswear,Knitwear,Polo-neck jumper in fine-knit cotton with long sleeves and ribbing at the cuffs and hem.
278811007,Hilly Biker 2pk LT,Underwear bottom,Underwear,Light Beige,Solid,Lingeries/Tights,"Under-, Nightwear","Shaping bikers in microfibre with a high waist, lined gusset, longer legs and laser-cut edges. Light shaping effect on the waist, bum and hips."
752035001,Flirty Madrid earring pk,Earring,Accessories,Gold,Solid,Ladies Accessories,Accessories,
714828002,Evelyn midi dress,Dress,Garment Full body,Black,Dot,Divided,Dresses Ladies,"Calf-length dress in a crinkled weave with a V-neck, wrapover front with ties at the waist and short sleeves with a slit and ties. Unlined."
554811019,Rihanna,Dress,Garment Full body,Off White,Stripe,Ladieswear,Jersey Basic,"Short dress in slub jersey made from a modal and cotton blend. Short cap sleeves with sewn-in turn-ups, a narrow, elasticated seam at the waist, side pockets and a gently flared skirt."
564312033,Chris 3pk  Fancy,Underwear bottom,Underwear,Dark Blue,Stripe,Menswear,"Under-, Nightwear","Trunks in stretch cotton jersey with flatlock seams, an elasticated waist, lined front and mid-length legs."
622238007,Molly LS (1),Sweater,Garment Upper body,Light Pink,Solid,Divided,Jersey Fancy,Off-the-shoulder blouse in a crinkled weave containing some linen with elastication and smocking around the top and long sleeves with smocking at the cuffs.
851167001,Caroline,Vest top,Garment Upper body,White,Solid,Ladieswear,Blouses,"Flared top in an airy, jacquard-weave viscose blend with narrow, adjustable shoulder straps, an opening with ties at the back and a seam with a flounce at the hem."
819547002,Cobra,Sweater,Garment Upper body,Light Beige,Melange,Ladieswear,Knitwear,"Jumper in a soft knit containing some wool with short puff sleeves and ribbing around the neckline, cuffs and hem. The polyester content of the jumper is recycled."
679437003,ED Era lace,Blouse,Garment Upper body,White,Lace,Ladieswear,Blouses,"Lace blouse woven in a cotton blend with a round neck, an opening and concealed button at the back of the neck and 3/4-length sleeves with a flared flounce at the cuffs. Partly lined."
639203001,crosshatch shirt,Blouse,Garment Upper body,Light Blue,Stripe,Ladieswear,Blouses,"Striped wrapover blouse in a cotton weave with notch lapels, gently dropped shoulders and long sleeves with concealed press-studs at the cuffs. Seam at the waist with a narrow tie."
448509018,Perrie Slim Mom Denim TRS,Trousers,Garment Lower body,Light Blue,Solid,Divided,Trousers,"5-pocket, ankle-length jeans in washed, sturdy cotton denim with a high waist, button fly and slim, straight legs with raw-edge hems."
752811002,Pitcher RW,Shorts,Garment Lower body,Other,Solid,Ladieswear,Shorts,"Short shorts in stretch cotton twill with a regular waist, zip fly and button, patch front pockets and fake welt back pockets."
766402005,Laurent slim fit jogger old,Trousers,Garment Lower body,Black,Solid,Menswear,Trousers,"Ankle-length joggers in woven fabric with an elasticated, drawstring waist, diagonal side pockets and welt back pockets. Legs with creases and sewn-in turn-ups at the hems. Slim Fit – a fit that is close-fitting at the thighs, knees and ankles to create a fitted silhouette."
588659002,Marshall clamdiggers,Shorts,Garment Lower body,Dark Blue,Solid,Children Sizes 134-170,Shorts,"Clamdiggers in washed cotton with an adjustable elasticated waist, zip fly and button, and front and back pockets."
762846007,Lucy blouse,Shirt,Garment Upper body,Light Beige,Solid,Ladieswear,Blouses,"Long-sleeved blouse in woven fabric with a collar, V-neck, buttons down the front, buttoned cuffs and a rounded hem."
675319002,Bristol jersey blz,Blazer,Garment Upper body,Light Beige,Check,Ladieswear,Dressed,"Straight-cut jacket in sturdy jersey with notch lapels, buttons at the front and patch front pockets. Unlined."
802554001,Megan Party Jazz Leggings,Trousers,Garment Lower body,Black,Glittering/Metallic,Divided,Trousers,"High-waisted jersey trousers with covered elastication at the waist and wide, flared hems."
708230018,LINNI TEE,T-shirt,Garment Upper body,White,Placement print,Divided,Jersey Fancy,T-shirt in soft cotton jersey with sewn-in turn-ups on the sleeves.
833499006,Surfs Up Push Triangle,Bikini top,Swimwear,Dark Green,Solid,Lingeries/Tights,Swimwear,"Lined triangle bikini top with padded cups for a larger bust and fuller cleavage. Narrow, adjustable shoulder straps and a metal fastener at the back."
536139006,Alex Jogger (J),Pyjama bottom,Nightwear,Black,Solid,Lingeries/Tights,"Under-, Nightwear",Pyjama bottoms in lightweight fabric with an elasticated drawstring waist and tapered legs with ribbed hems.
708345004,DINGO TEE,T-shirt,Garment Upper body,Red,Placement print,Divided,Jersey Fancy,"Short top in soft, printed jersey with short sleeves and ties at the hem."
590928020,New Girl Push Top,Bikini top,Swimwear,Dark Grey,All over pattern,Lingeries/Tights,Swimwear,"Lined, push-up triangle bikini top with moulded, padded cups for a larger bust and fuller cleavage. Shoulder straps that join and tie at the back."
